Player;Team;Position;Salary
A.J. Burnett;New York Yankees;Pitcher;16500000
A.J. Ellis;Los Angeles Dodgers;Catcher;421000
A.J. Pierzynski;Chicago White Sox;Catcher;2000000
Aaron Cook;Colorado Rockies;Pitcher;9875000
Aaron Crow;Kansas City Royals;Pitcher;1400000
Aaron Harang;San Diego Padres;Pitcher;3500000
Aaron Heilman;Arizona Diamondbacks;Pitcher;2000000
Aaron Hill;Toronto Blue Jays;Second Baseman;5000000
Aaron Laffey;Seattle Mariners;Pitcher;431600
Aaron Miles;Los Angeles Dodgers;Second Baseman;500000
Aaron Rowand;San Francisco Giants;Outfielder;13600000
Adam Dunn;Chicago White Sox;Designated Hitter;12000000
Adam Everett;Cleveland Indians;Shortstop;700000
Adam Jones;Baltimore Orioles;Outfielder;3250000
Adam Kennedy;Seattle Mariners;Second Baseman;750000
Adam LaRoche;Washington Nationals;First Baseman;7000000
Adam Lind;Toronto Blue Jays;First Baseman;5150000
Adam Moore;Seattle Mariners;Catcher;417500
Adam Rosales;Oakland Athletics;Second Baseman;425000
Adam Russell;Tampa Bay Rays;Pitcher;420800
Adam Wainwright;St. Louis Cardinals;Pitcher;6687500
Adrian Beltre;Texas Rangers;Third Baseman;14000000
Adrian Gonzalez;Boston Red Sox;First Baseman;6300000
Albert Pujols;St. Louis Cardinals;First Baseman;14508395
Alberto Arias;Houston Astros;Pitcher;439500
Alberto Callaspo;Los Angeles Angels;First Baseman;2000000
Alberto Gonzalez;San Diego Padres;Shortstop;600000
Alcides Escobar;Kansas City Royals;Shortstop;428000
Alex Avila;Detroit Tigers;Catcher;425000
Alex Cora;Washington Nationals;Second Baseman;900000
Alex Gonzalez;Atlanta Braves;Shortstop;2500000
Alex Gordon;Kansas City Royals;Outfielder;1400000
Alex Rios;Chicago White Sox;Outfielder;12500000
Alex Rodriguez;New York Yankees;Third Baseman;32000000
Alexei Ramirez;Chicago White Sox;Shortstop;2750000
Alexi Casilla;Minnesota Twins;Shortstop;865000
Alexi Ogando;Texas Rangers;Pitcher;430150
Alfonso Soriano;Chicago Cubs;Outfielder;19000000
Allen Craig;St. Louis Cardinals;Outfielder;414000
Andre Ethier;Los Angeles Dodgers;Outfielder;9500000
Andres Blanco;Texas Rangers;Second Baseman;520000
Andres Torres;San Francisco Giants;Outfielder;2200000
Andrew Bailey;Oakland Athletics;Pitcher;465000
Andrew Cashner;Chicago Cubs;Pitcher;427500
Andrew McCutchen;Pittsburgh Pirates;Outfielder;452500
Andruw Jones;New York Yankees;Outfielder;1500000
Andy LaRoche;Oakland Athletics;Third Baseman;600000
Andy Sonnanstine;Tampa Bay Rays;Pitcher;912500
Aneury Rodriguez;Houston Astros;Pitcher;414000
Angel Pagan;New York Mets;Outfielder;3500000
Angel Sanchez;Houston Astros;Shortstop;432500
Anibal Sanchez;Miami Marlins;Pitcher;3700000
Antonio Bastardo;Philadelphia Phillies;Pitcher;419000
Aramis Ramirez;Chicago Cubs;Third Baseman;14600000
Armando Galarraga;Arizona Diamondbacks;Pitcher;2300000
Aroldis Chapman;Cincinnati Reds;Pitcher;3835772
Arthur Rhodes;Texas Rangers;Pitcher;3900000
Asdrubal Cabrera;Cleveland Indians;Shortstop;2025000
Aubrey Huff;San Francisco Giants;First Baseman;10000000
Austin Jackson;Detroit Tigers;Outfielder;440000
Austin Kearns;Cleveland Indians;Outfielder;1300000
B.J. Upton;Tampa Bay Rays;Outfielder;4825000
Barry Enright;Arizona Diamondbacks;Pitcher;418000
Barry Zito;San Francisco Giants;Pitcher;18500000
Bartolo Colon;New York Yankees;Pitcher;900000
Ben Francisco;Philadelphia Phillies;Outfielder;1175000
Ben Zobrist;Tampa Bay Rays;Shortstop;4687300
Bill Bray;Cincinnati Reds;Pitcher;645000
Bill Hall;Houston Astros;Outfielder;3000000
Billy Butler;Kansas City Royals;First Baseman;3500000
Blaine Boyer;New York Mets;Pitcher;725000
Blake DeWitt;Chicago Cubs;Second Baseman;460000
Blake Hawksworth;Los Angeles Dodgers;Pitcher;426000
Bob Cramer;Oakland Athletics;Pitcher;414000
Bobby Abreu;Los Angeles Angels;Outfielder;9000000
Bobby Cassevah;Los Angeles Angels;Pitcher;414000
Bobby Jenks;Boston Red Sox;Pitcher;6000000
Bobby Wilson;Los Angeles Angels;Catcher;416000
Boone Logan;New York Yankees;Pitcher;1200000
Brad Bergesen;Baltimore Orioles;Pitcher;434000
Brad Emaus;New York Mets;Second Baseman;414000
Brad Hawpe;San Diego Padres;First Baseman;2000000
Brad Lidge;Philadelphia Phillies;Pitcher;12000000
Brad Lincoln;Pittsburgh Pirates;Pitcher;414500
Brad Penny;Detroit Tigers;Pitcher;3000000
Brad Thomas;Detroit Tigers;Pitcher;800000
Brad Ziegler;Oakland Athletics;Pitcher;1250000
Brandon Beachy;Atlanta Braves;Pitcher;416500
Brandon Belt;San Francisco Giants;First Baseman;414000
Brandon Hicks;Atlanta Braves;Shortstop;414000
Brandon Inge;Detroit Tigers;Third Baseman;5500000
Brandon Kintzler;Milwaukee Brewers;Pitcher;414000
Brandon League;Seattle Mariners;Pitcher;2250000
Brandon Lyon;Houston Astros;Pitcher;5250000
Brandon McCarthy;Oakland Athletics;Pitcher;1000000
Brandon Morrow;Toronto Blue Jays;Pitcher;2300000
Brandon Phillips;Cincinnati Reds;Second Baseman;11437500
Brandon Webb;Texas Rangers;Pitcher;3000000
Brandon Wood;Los Angeles Angels;Third Baseman;420000
Brayan Pena;Kansas City Royals;Catcher;660000
Brayan Villarreal;Detroit Tigers;Pitcher;414000
Brendan Ryan;Seattle Mariners;Shortstop;1000000
Brennan Boesch;Detroit Tigers;Outfielder;430000
Brent Lillibridge;Chicago White Sox;Second Baseman;430000
Brent Morel;Chicago White Sox;Third Baseman;414000
Brett Anderson;Oakland Athletics;Pitcher;1250000
Brett Cecil;Toronto Blue Jays;Pitcher;443100
Brett Gardner;New York Yankees;Outfielder;529500
Brett Hayes;Miami Marlins;Catcher;414000
Brett Myers;Houston Astros;Pitcher;8000000
Brett Wallace;Houston Astros;First Baseman;418000
Brian Bocock;Philadelphia Phillies;Shortstop;414000
Brian Broderick;Washington Nationals;Pitcher;414000
Brian Duensing;Minnesota Twins;Pitcher;462500
Brian Fuentes;Oakland Athletics;Pitcher;5000000
Brian Matusz;Baltimore Orioles;Pitcher;1350000
Brian McCann;Atlanta Braves;Catcher;6700000
Brian Roberts;Baltimore Orioles;Second Baseman;10000000
Brian Sanches;Miami Marlins;Pitcher;425000
Brian Schlitter;Philadelphia Phillies;Pitcher;414000
Brian Schneider;Philadelphia Phillies;Catcher;1625000
Brian Tallet;St. Louis Cardinals;Pitcher;750000
Brian Wilson;San Francisco Giants;Pitcher;6500000
Bronson Arroyo;Cincinnati Reds;Pitcher;7666666
Brooks Conrad;Atlanta Braves;Third Baseman;427250
Bruce Chen;Kansas City Royals;Pitcher;2000000
Bryan Augenstein;St. Louis Cardinals;Pitcher;414000
Bud Norris;Houston Astros;Pitcher;437500
Buster Posey;San Francisco Giants;Catcher;575000
C.J. Wilson;Texas Rangers;Pitcher;7000000
Cameron Maybin;San Diego Padres;Outfielder;429100
Carl Crawford;Boston Red Sox;Outfielder;14857142
Carl Pavano;Minnesota Twins;Pitcher;8000000
Carlos Beltran;New York Mets;Outfielder;19325436
Carlos Carrasco;Cleveland Indians;Pitcher;415800
Carlos Gomez;Milwaukee Brewers;Outfielder;1500000
Carlos Gonzalez;Colorado Rockies;Outfielder;1428571
Carlos Guillen;Detroit Tigers;Outfielder;12922231
Carlos Lee;Houston Astros;Outfielder;19000000
Carlos Marmol;Chicago Cubs;Pitcher;2533333
Carlos Pena;Chicago Cubs;First Baseman;9959996
Carlos Quentin;Chicago White Sox;Outfielder;5050000
Carlos Ruiz;Philadelphia Phillies;Catcher;2750000
Carlos Santana;Cleveland Indians;Catcher;416600
Carlos Villanueva;Toronto Blue Jays;Pitcher;1415000
Carlos Zambrano;Chicago Cubs;Pitcher;18875000
Casey Blake;Los Angeles Dodgers;Third Baseman;5500000
Casey Janssen;Toronto Blue Jays;Pitcher;1095000
Casey McGehee;Milwaukee Brewers;Third Baseman;478000
Casper Wells;Detroit Tigers;Outfielder;418000
CC Sabathia;New York Yankees;Pitcher;24285714
Cedric Hunter;San Diego Padres;Outfielder;414000
Cesar Izturis;Baltimore Orioles;Shortstop;1500000
Cesar Ramos;Tampa Bay Rays;Pitcher;416700
Chad Billingsley;Los Angeles Dodgers;Pitcher;6275000
Chad Durbin;Cleveland Indians;Pitcher;800000
Chad Gaudin;Washington Nationals;Pitcher;900000
Chad Qualls;San Diego Padres;Pitcher;1500000
Charlie Morton;Pittsburgh Pirates;Pitcher;441000
Chase Headley;San Diego Padres;Third Baseman;2325000
Chase Utley;Philadelphia Phillies;Second Baseman;15285714
Chien-Ming Wang;Washington Nationals;Pitcher;1200000
Chin-Lung Hu;New York Mets;Shortstop;420000
Chipper Jones;Atlanta Braves;Third Baseman;14000000
Chone Figgins;Seattle Mariners;Second Baseman;9500000
Chris B. Young;Arizona Diamondbacks;Outfielder;5200000
Chris Capuano;New York Mets;Pitcher;1500000
Chris Carpenter;St. Louis Cardinals;Pitcher;14259403
Chris Coghlan;Miami Marlins;Outfielder;490000
Chris D. Johnson;Houston Astros;Third Baseman;424000
Chris Denorfia;San Diego Padres;Outfielder;800000
Chris Getz;Kansas City Royals;Second Baseman;443000
Chris Heisey;Cincinnati Reds;Outfielder;419000
Chris Iannetta;Colorado Rockies;Catcher;2550000
Chris Narveson;Milwaukee Brewers;Pitcher;441500
Chris Perez;Cleveland Indians;Pitcher;2225000
Chris Pettit;Los Angeles Angels;Outfielder;414000
Chris R. Young;New York Mets;Pitcher;1100000
Chris Ray;Seattle Mariners;Pitcher;1000000
Chris Resop;Pittsburgh Pirates;Pitcher;431500
Chris Sale;Chicago White Sox;Pitcher;425000
Chris Snyder;Pittsburgh Pirates;Catcher;6250000
Chris Tillman;Baltimore Orioles;Pitcher;417000
Chris Volstad;Miami Marlins;Pitcher;445000
Clay Buchholz;Boston Red Sox;Pitcher;555000
Clay Hensley;Miami Marlins;Pitcher;1400000
Clayton Kershaw;Los Angeles Dodgers;Pitcher;500000
Clayton Richard;San Diego Padres;Pitcher;468800
Cliff Lee;Philadelphia Phillies;Pitcher;11000000
Cliff Pennington;Oakland Athletics;Shortstop;420000
Clint Barmes;Houston Astros;Second Baseman;3925000
Coco Crisp;Oakland Athletics;Outfielder;5750000
Cody Ross;San Francisco Giants;Outfielder;6300000
Colby Lewis;Texas Rangers;Pitcher;2000000
Colby Rasmus;St. Louis Cardinals;Outfielder;443000
Cole Hamels;Philadelphia Phillies;Pitcher;9500000
Colin Curtis;New York Yankees;Outfielder;420400
Conor Jackson;Oakland Athletics;First Baseman;3200000
Corey Hart;Milwaukee Brewers;Outfielder;6833333
Corey Patterson;Toronto Blue Jays;Outfielder;900000
Cory Luebke;San Diego Padres;Pitcher;415600
Craig Breslow;Oakland Athletics;Pitcher;1400000
Craig Counsell;Milwaukee Brewers;Second Baseman;1400000
Craig Kimbrel;Atlanta Braves;Pitcher;419000
Cristhian Martinez;Atlanta Braves;Pitcher;419000
Curtis Granderson;New York Yankees;Outfielder;8250000
D.J. Carrasco;New York Mets;Pitcher;1200000
Daisuke Matsuzaka;Boston Red Sox;Pitcher;10333333
Dallas Braden;Oakland Athletics;Pitcher;3350000
Damaso Marte;New York Yankees;Pitcher;4000000
Dan Haren;Los Angeles Angels;Pitcher;12750000
Dan Hudson;Arizona Diamondbacks;Pitcher;419000
Dan Johnson;Tampa Bay Rays;First Baseman;1000000
Dan Runzler;San Francisco Giants;Pitcher;418500
Dan Uggla;Atlanta Braves;Second Baseman;9146942
Dan Wheeler;Boston Red Sox;Pitcher;3000000
Daniel Bard;Boston Red Sox;Pitcher;505000
Daniel Descalso;St. Louis Cardinals;Second Baseman;414000
Daniel Murphy;New York Mets;Second Baseman;422000
Daniel Schlereth;Detroit Tigers;Pitcher;418000
Danny Espinosa;Washington Nationals;Shortstop;415000
Danny Valencia;Minnesota Twins;Third Baseman;437500
Danys Baez;Philadelphia Phillies;Pitcher;2750000
Daric Barton;Oakland Athletics;First Baseman;425000
Darnell McDonald;Boston Red Sox;Outfielder;470000
Darren O'Day;Texas Rangers;Pitcher;1251000
Darren Oliver;Texas Rangers;Pitcher;3250000
Darwin Barney;Chicago Cubs;Shortstop;417000
Dave Bush;Texas Rangers;Pitcher;1000000
David Aardsma;Seattle Mariners;Pitcher;4500000
David DeJesus;Oakland Athletics;Outfielder;6000000
David Freese;St. Louis Cardinals;Third Baseman;416000
David Herndon;Philadelphia Phillies;Pitcher;425000
David J. Hernandez;Arizona Diamondbacks;Pitcher;423500
David Murphy;Texas Rangers;Outfielder;2400000
David Ortiz;Boston Red Sox;Designated Hitter;12500000
David Pauley;Seattle Mariners;Pitcher;422000
David Price;Tampa Bay Rays;Pitcher;2084671
David Purcey;Toronto Blue Jays;Pitcher;436400
David Robertson;New York Yankees;Pitcher;460450
David Ross;Atlanta Braves;Catcher;1625000
David Wright;New York Mets;Third Baseman;14250000
Dayan Viciedo;Chicago White Sox;Third Baseman;2250000
Delmon Young;Minnesota Twins;Outfielder;5375000
Denard Span;Minnesota Twins;Outfielder;1000000
Dennys Reyes;Boston Red Sox;Pitcher;900000
Derek Holland;Texas Rangers;Pitcher;431810
Derek Jeter;New York Yankees;Shortstop;14729364
Derek Lowe;Atlanta Braves;Pitcher;15000000
Derrek Lee;Baltimore Orioles;First Baseman;7250000
Dexter Fowler;Colorado Rockies;Outfielder;424000
Dioner Navarro;Los Angeles Dodgers;Catcher;1000000
Domonic Brown;Philadelphia Phillies;Outfielder;414000
Don Kelly;Detroit Tigers;Outfielder;423000
Donnie Murphy;Miami Marlins;Third Baseman;425000
Doug Fister;Seattle Mariners;Pitcher;436500
Doug Slaten;Washington Nationals;Pitcher;695000
Drew Butera;Minnesota Twins;Catcher;429000
Drew Storen;Washington Nationals;Pitcher;418000
Drew Stubbs;Cincinnati Reds;Outfielder;450000
Dustin McGowan;Toronto Blue Jays;Pitcher;450000
Dustin Moseley;San Diego Padres;Pitcher;900000
Dustin Pedroia;Boston Red Sox;Second Baseman;5750000
Dusty Hughes;Minnesota Twins;Pitcher;429000
Edgar Renteria;Cincinnati Reds;Shortstop;2068391
Edinson Volquez;Cincinnati Reds;Pitcher;1625000
Eduardo Nunez;New York Yankees;Shortstop;419300
Edward Mujica;Miami Marlins;Pitcher;800000
Edwin Encarnacion;Toronto Blue Jays;Third Baseman;2500000
Edwin Jackson;Chicago White Sox;Pitcher;8750000
Eli Whiteside;San Francisco Giants;Catcher;425000
Elliot Johnson;Tampa Bay Rays;Second Baseman;414900
Elvin Ramirez;Washington Nationals;Pitcher;414000
Elvis Andrus;Texas Rangers;Shortstop;452180
Emilio Bonifacio;Miami Marlins;Third Baseman;425000
Enerio Del Rosario;Houston Astros;Pitcher;417000
Enrique Gonzalez;Detroit Tigers;Pitcher;435000
Eric Chavez;New York Yankees;Third Baseman;1500000
Eric Hinske;Atlanta Braves;Outfielder;1350000
Eric O'Flaherty;Atlanta Braves;Pitcher;895000
Eric Patterson;San Diego Padres;Second Baseman;423300
Erick Almonte;Milwaukee Brewers;Infielder;414000
Erick Aybar;Los Angeles Angels;Shortstop;3000000
Erik Bedard;Seattle Mariners;Pitcher;1000000
Ernesto Frieri;San Diego Padres;Pitcher;417100
Ervin Santana;Los Angeles Angels;Pitcher;8000000
Esmil Rogers;Colorado Rockies;Pitcher;417000
Evan Longoria;Tampa Bay Rays;Third Baseman;2000000
Evan Meek;Pittsburgh Pirates;Pitcher;461500
Fausto Carmona;Cleveland Indians;Pitcher;6287500
Felipe Paulino;Colorado Rockies;Pitcher;790000
Felix Doubront;Boston Red Sox;Pitcher;417000
Felix Hernandez;Seattle Mariners;Pitcher;11700000
Felix Pie;Baltimore Orioles;Outfielder;985000
Fernando Abad;Houston Astros;Pitcher;418000
Fernando Rodney;Los Angeles Angels;Pitcher;5500000
Francisco Cervelli;New York Yankees;Catcher;455700
Francisco Cordero;Cincinnati Reds;Pitcher;12125000
Francisco Liriano;Minnesota Twins;Pitcher;4300000
Francisco Rodriguez;New York Mets;Pitcher;12166666
Frank Francisco;Toronto Blue Jays;Pitcher;4000000
Frank Herrmann;Cleveland Indians;Pitcher;419800
Franklin Gutierrez;Seattle Mariners;Outfielder;4312500
Franklin Morales;Colorado Rockies;Pitcher;424000
Fred Lewis;Cincinnati Reds;Outfielder;900000
Freddie Freeman;Atlanta Braves;First Baseman;414000
Freddy Garcia;New York Yankees;Pitcher;1500000
Freddy Sanchez;San Francisco Giants;Second Baseman;6000000
Freddy Sandoval;Los Angeles Angels;Third Baseman;414000
Gaby Sanchez;Miami Marlins;First Baseman;431000
Garrett Jones;Pittsburgh Pirates;Outfielder;455500
Garrett Olson;Pittsburgh Pirates;Pitcher;430000
Gavin Floyd;Chicago White Sox;Pitcher;5000000
Geoff Blum;Arizona Diamondbacks;Second Baseman;1350000
George Kottaras;Milwaukee Brewers;Catcher;440000
George Sherrill;Atlanta Braves;Pitcher;1200000
Geovany Soto;Chicago Cubs;Catcher;3000000
Gerald Laird;St. Louis Cardinals;Catcher;1000000
Gerardo Parra;Arizona Diamondbacks;Outfielder;426000
Giovany Gonzalez;Oakland Athletics;Pitcher;420000
Glen Perkins;Minnesota Twins;Pitcher;700000
Gordon Beckham;Chicago White Sox;Second Baseman;485000
Grady Sizemore;Cleveland Indians;Outfielder;7666666
Grant Balfour;Oakland Athletics;Pitcher;3750000
Greg Dobbs;Miami Marlins;First Baseman;600000
Guillermo Mota;San Francisco Giants;Pitcher;925000
Gustavo Molina;New York Yankees;Catcher;455000
Hank Conger;Los Angeles Angels;Catcher;414000
Hanley Ramirez;Miami Marlins;Shortstop;11000000
Heath Bell;San Diego Padres;Pitcher;7500000
Hector Gimenez;Los Angeles Dodgers;Catcher;425000
Henry Alberto Rodriguez;Washington Nationals;Pitcher;415000
Henry Barrera;Kansas City Royals;Pitcher;414000
Henry Blanco;Arizona Diamondbacks;Catcher;1000000
Hideki Matsui;Oakland Athletics;Designated Hitter;4250000
Hiroki Kuroda;Los Angeles Dodgers;Pitcher;11765724
Hisanori Takahashi;Los Angeles Angels;Pitcher;3800000
Homer Bailey;Cincinnati Reds;Pitcher;441000
Hong-Chih Kuo;Los Angeles Dodgers;Pitcher;2725000
Howie Kendrick;Los Angeles Angels;Second Baseman;3300000
Humberto Quintero;Houston Astros;Catcher;1000000
Hunter Pence;Houston Astros;Outfielder;6900000
Huston Street;Colorado Rockies;Pitcher;7300000
Ian Desmond;Washington Nationals;Shortstop;441500
Ian Kennedy;Arizona Diamondbacks;Pitcher;423000
Ian Kinsler;Texas Rangers;Second Baseman;6200000
Ian Stewart;Colorado Rockies;Third Baseman;2287500
Ichiro Suzuki;Seattle Mariners;Outfielder;18000000
Ike Davis;New York Mets;First Baseman;432000
Ivan DeJesus;Los Angeles Dodgers;Shortstop;414000
Ivan Nova;New York Yankees;Pitcher;432900
Ivan Rodriguez;Washington Nationals;Catcher;3000000
J.A. Happ;Houston Astros;Pitcher;474000
J.C. Romero;Philadelphia Phillies;Pitcher;1350000
J.D. Drew;Boston Red Sox;Outfielder;14000000
J.J. Hardy;Baltimore Orioles;Shortstop;5850000
J.J. Putz;Arizona Diamondbacks;Pitcher;4000000
J.P. Arencibia;Toronto Blue Jays;Catcher;417400
J.P. Howell;Tampa Bay Rays;Pitcher;1100000
J.R. Towles;Houston Astros;Catcher;424000
Jack Cust;Seattle Mariners;Designated Hitter;2500000
Jack Hannahan;Cleveland Indians;Third Baseman;500000
Jack Wilson;Seattle Mariners;Second Baseman;5000000
Jacoby Ellsbury;Boston Red Sox;Outfielder;2400000
Jaime Garcia;St. Louis Cardinals;Pitcher;437000
Jair Jurrjens;Atlanta Braves;Pitcher;3250000
Jake Arrieta;Baltimore Orioles;Pitcher;419000
Jake Fox;Baltimore Orioles;First Baseman;424000
Jake McGee;Tampa Bay Rays;Pitcher;415200
Jake Peavy;Chicago White Sox;Pitcher;16000000
Jake Westbrook;St. Louis Cardinals;Pitcher;8000000
James Loney;Los Angeles Dodgers;First Baseman;4875000
James McDonald;Pittsburgh Pirates;Pitcher;443000
James Russell;Chicago Cubs;Pitcher;427500
James Shields;Tampa Bay Rays;Pitcher;4250000
Jamey Carroll;Los Angeles Dodgers;Infielder;2285677
Jamey Wright;Seattle Mariners;Pitcher;900000
Jared (Levi) Burton;Cincinnati Reds;Pitcher;750000
Jared Goedert;Cleveland Indians;Infielder;414000
Jarrett Hoffpauir;San Diego Padres;Second Baseman;414800
Jarrod Dyson;Kansas City Royals;Outfielder;414000
Jarrod Saltalamacchia;Boston Red Sox;Catcher;750000
Jason Bartlett;San Diego Padres;Shortstop;4000000
Jason Bay;New York Mets;Outfielder;18125000
Jason Berken;Baltimore Orioles;Pitcher;426500
Jason Bourgeois;Houston Astros;Outfielder;423000
Jason Bulger;Los Angeles Angels;Pitcher;423000
Jason Castro;Houston Astros;Catcher;421500
Jason Donald;Cleveland Indians;Shortstop;423200
Jason Frasor;Toronto Blue Jays;Pitcher;3500000
Jason Giambi;Colorado Rockies;First Baseman;1000000
Jason Hammel;Colorado Rockies;Pitcher;3000000
Jason Heyward;Atlanta Braves;Outfielder;496500
Jason Jaramillo;Pittsburgh Pirates;Catcher;422500
Jason Kendall;Kansas City Royals;Catcher;3750000
Jason Kubel;Minnesota Twins;Pitcher;5250000
Jason Marquis;Washington Nationals;Pitcher;7500000
Jason Michaels;Houston Astros;Outfielder;900000
Jason Motte;St. Louis Cardinals;Pitcher;435000
Jason Repko;Minnesota Twins;Outfielder;600000
Jason Vargas;Seattle Mariners;Pitcher;2450000
Jason Varitek;Boston Red Sox;Catcher;2000000
Javier Lopez;San Francisco Giants;Pitcher;2375000
Javier Vazquez;Miami Marlins;Pitcher;7000000
Jay Bruce;Cincinnati Reds;Outfielder;2791666
Jay Gibbons;Los Angeles Dodgers;Outfielder;650000
Jayson Nix;Toronto Blue Jays;Second Baseman;438100
Jayson Werth;Washington Nationals;Outfielder;10571428
Jed Lowrie;Boston Red Sox;Second Baseman;450000
Jeff Baker;Chicago Cubs;Second Baseman;1175000
Jeff Francis;Kansas City Royals;Pitcher;2000000
Jeff Francoeur;Kansas City Royals;Outfielder;2500000
Jeff Fulchino;Houston Astros;Pitcher;467000
Jeff Keppinger;Houston Astros;Second Baseman;2300000
Jeff Manship;Minnesota Twins;Pitcher;419000
Jeff Mathis;Los Angeles Angels;Catcher;1700000
Jeff Niemann;Tampa Bay Rays;Pitcher;903000
Jeff Samardzija;Chicago Cubs;Pitcher;3300000
Jeffrey Karstens;Pittsburgh Pirates;Pitcher;1100000
Jered Weaver;Los Angeles Angels;Pitcher;7365000
Jeremy Accardo;Baltimore Orioles;Pitcher;1080000
Jeremy Affeldt;San Francisco Giants;Pitcher;4500000
Jeremy Guthrie;Baltimore Orioles;Pitcher;5750000
Jeremy Hellickson;Tampa Bay Rays;Pitcher;418400
Jeremy Jeffress;Kansas City Royals;Pitcher;414500
Jeremy Reed;Milwaukee Brewers;Outfielder;550000
Jerry Blevins;Oakland Athletics;Pitcher;420000
Jerry Hairston Jr.;Washington Nationals;Infielder;2000000
Jesse Carlson;Toronto Blue Jays;Pitcher;450000
Jesse Crain;Chicago White Sox;Pitcher;4000000
Jesse Litsch;Toronto Blue Jays;Pitcher;830000
Jhonny Peralta;Detroit Tigers;Shortstop;5250000
Jhoulys Chacin;Colorado Rockies;Pitcher;419000
Jim Johnson;Baltimore Orioles;Pitcher;975000
Jim Thome;Minnesota Twins;Designated Hitter;3000000
Jimmy Rollins;Philadelphia Phillies;Shortstop;8500000
Joakim Soria;Kansas City Royals;Pitcher;4000000
Joaquin Benoit;Detroit Tigers;Pitcher;5500000
Joba Chamberlain;New York Yankees;Pitcher;1400000
Joe Blanton;Philadelphia Phillies;Pitcher;10500000
Joe Mauer;Minnesota Twins;Catcher;23000000
Joe Nathan;Minnesota Twins;Pitcher;11250000
Joe Paterson;Arizona Diamondbacks;Pitcher;414000
Joe Saunders;Arizona Diamondbacks;Pitcher;5500000
Joe Smith;Cleveland Indians;Pitcher;870000
Joe Thatcher;San Diego Padres;Pitcher;433900
Joel Hanrahan;Pittsburgh Pirates;Pitcher;1400000
Joel Peralta;Tampa Bay Rays;Pitcher;925000
Joel Pineiro;Los Angeles Angels;Pitcher;8000000
Joel Zumaya;Detroit Tigers;Pitcher;1400000
Joey Votto;Cincinnati Reds;First Baseman;7410655
Johan Santana;New York Mets;Pitcher;21644707
John Axford;Milwaukee Brewers;Pitcher;442500
John Baker;Miami Marlins;Catcher;417000
John Bowker;Pittsburgh Pirates;Outfielder;441500
John Buck;Miami Marlins;Catcher;5000000
John Danks;Chicago White Sox;Pitcher;6000000
John Grabow;Chicago Cubs;Pitcher;4800000
John Jaso;Tampa Bay Rays;Catcher;427200
John Lackey;Boston Red Sox;Pitcher;15950000
John Lannan;Washington Nationals;Pitcher;2750000
John Mayberry;Philadelphia Phillies;Outfielder;414000
John McDonald;Toronto Blue Jays;Shortstop;1500000
Johnny Cueto;Cincinnati Reds;Pitcher;3400000
Johnny Damon;Tampa Bay Rays;Outfielder;5250000
Jo-Jo Reyes;Toronto Blue Jays;Pitcher;439100
Jon Garland;Los Angeles Dodgers;Pitcher;4442023
Jon Jay;St. Louis Cardinals;Outfielder;416000
Jon Niese;New York Mets;Pitcher;452000
Jon Rauch;Toronto Blue Jays;Pitcher;3500000
Jonathan Broxton;Los Angeles Dodgers;Pitcher;7000000
Jonathan Herrera;Colorado Rockies;Second Baseman;419000
Jonathan Lester;Boston Red Sox;Pitcher;5750000
Jonathan Lucroy;Milwaukee Brewers;Catcher;424000
Jonathan Papelbon;Boston Red Sox;Pitcher;12000000
Jonathan Sanchez;San Francisco Giants;Pitcher;4800000
Jonny Gomes;Cincinnati Reds;Outfielder;1750000
Jonny Venters;Atlanta Braves;Pitcher;429500
Jordan Smith;Cincinnati Reds;Pitcher;416500
Jordan Walden;Los Angeles Angels;Pitcher;414000
Jordan Zimmermann;Washington Nationals;Pitcher;415000
Jorge Cantu;San Diego Padres;First Baseman;850000
Jorge De La Rosa;Colorado Rockies;Pitcher;10000000
Jorge Posada;New York Yankees;Catcher;13100000
Jose A. Bautista;Toronto Blue Jays;Outfielder;8000000
Jose Arredondo;Cincinnati Reds;Pitcher;480000
Jose Ascanio;Pittsburgh Pirates;Pitcher;416000
Jose C. Lopez;Colorado Rockies;Third Baseman;3600000
Jose Contreras;Philadelphia Phillies;Pitcher;2500000
Jose Mijares;Minnesota Twins;Pitcher;445000
Jose Molina;Toronto Blue Jays;Catcher;1200000
Jose Morales;Colorado Rockies;Catcher;420000
Jose Reyes;New York Mets;Shortstop;11000000
Jose Tabata;Pittsburgh Pirates;Outfielder;428000
Jose Valverde;Detroit Tigers;Pitcher;7000000
Josh Beckett;Boston Red Sox;Pitcher;17000000
Josh Hamilton;Texas Rangers;Outfielder;8750000
Josh Johnson;Miami Marlins;Pitcher;7750000
Josh Lueke;Seattle Mariners;Pitcher;414000
Josh Rodriguez;Pittsburgh Pirates;Shortstop;414000
Josh Rupe;Baltimore Orioles;Pitcher;475000
Josh Thole;New York Mets;Catcher;420000
Josh Tomlin;Cleveland Indians;Pitcher;417200
Josh Willingham;Oakland Athletics;Outfielder;6000000
Juan C. Gutierrez;Arizona Diamondbacks;Pitcher;430500
Juan Cruz;Tampa Bay Rays;Pitcher;850000
Juan Francisco;Cincinnati Reds;Third Baseman;414000
Juan Miranda;Arizona Diamondbacks;First Baseman;420000
Juan Pierre;Chicago White Sox;Outfielder;8500000
Juan Rivera;Toronto Blue Jays;Outfielder;5250000
Juan Uribe;Los Angeles Dodgers;Second Baseman;5295910
Julio Borbon;Texas Rangers;Outfielder;490000
Junichi Tazawa;Boston Red Sox;Pitcher;1500000
Justin Duchscherer;Baltimore Orioles;Pitcher;700000
Justin Germano;Cleveland Indians;Pitcher;415600
Justin Masterson;Cleveland Indians;Pitcher;468400
Justin Morneau;Minnesota Twins;First Baseman;15000000
Justin Smoak;Seattle Mariners;First Baseman;419000
Justin Upton;Arizona Diamondbacks;Outfielder;4458333
Justin Verlander;Detroit Tigers;Pitcher;12850000
Kam Mickolio;Arizona Diamondbacks;Pitcher;417000
Kameron Loe;Milwaukee Brewers;Pitcher;1250000
Kanekoa Texeira;Kansas City Royals;Pitcher;426000
Kelly Johnson;Arizona Diamondbacks;Second Baseman;5850000
Kelly Shoppach;Tampa Bay Rays;Catcher;3000000
Kendrys Morales;Los Angeles Angels;First Baseman;2975000
Kenley Jansen;Los Angeles Dodgers;Pitcher;416000
Kerry Wood;Chicago Cubs;Pitcher;1500000
Kevin Correia;Pittsburgh Pirates;Pitcher;4000000
Kevin Gregg;Baltimore Orioles;Pitcher;4200000
Kevin Hart;Pittsburgh Pirates;Pitcher;417000
Kevin Jepsen;Los Angeles Angels;Pitcher;435000
Kevin Kouzmanoff;Oakland Athletics;Third Baseman;4750000
Kevin Slowey;Minnesota Twins;Pitcher;2700000
Kevin Youkilis;Boston Red Sox;Third Baseman;12250000
Kila Ka`aihue;Kansas City Royals;First Baseman;419000
Koji Uehara;Baltimore Orioles;Pitcher;3000000
Kosuke Fukudome;Chicago Cubs;Outfielder;14500000
Koyie Hill;Chicago Cubs;Catcher;850000
Kris Medlen;Atlanta Braves;Pitcher;429500
Kurt Suzuki;Oakland Athletics;Catcher;3437500
Kyle Blanks;San Diego Padres;Outfielder;424700
Kyle Davies;Kansas City Royals;Pitcher;3200000
Kyle Drabek;Toronto Blue Jays;Pitcher;416000
Kyle Farnsworth;Tampa Bay Rays;Pitcher;2600000
Kyle Kendrick;Philadelphia Phillies;Pitcher;2450000
Kyle Lohse;St. Louis Cardinals;Pitcher;12187500
Kyle McClellan;St. Louis Cardinals;Pitcher;1375000
Lance Berkman;St. Louis Cardinals;Outfielder;8000000
Lance Cormier;Los Angeles Dodgers;Pitcher;1200000
Landon Powell;Oakland Athletics;Catcher;420000
Lastings Milledge;Chicago White Sox;Outfielder;500000
LaTroy Hawkins;Milwaukee Brewers;Pitcher;4250000
Laynce Nix;Washington Nationals;Outfielder;700000
Leo Nunez;Miami Marlins;Pitcher;3650000
Livan Hernandez;Washington Nationals;Pitcher;1250000
Logan Morrison;Miami Marlins;Outfielder;414000
Logan Ondrusek;Cincinnati Reds;Pitcher;418000
Lou Marson;Cleveland Indians;Catcher;424300
Lucas Duda;New York Mets;Outfielder;414000
Luis Ayala;New York Yankees;Pitcher;650000
Luis O. Rodriguez;Seattle Mariners;Second Baseman;600000
Luke Gregerson;San Diego Padres;Pitcher;447800
Luke Hochevar;Kansas City Royals;Pitcher;1760000
Luke Scott;Baltimore Orioles;Outfielder;6400000
Lyle Overbay;Pittsburgh Pirates;First Baseman;5000000
Madison Bumgarner;San Francisco Giants;Pitcher;450000
Magglio Ordonez;Detroit Tigers;Outfielder;10000000
Maicer Izturis;Los Angeles Angels;Second Baseman;3266666
Manny Parra;Milwaukee Brewers;Pitcher;1200000
Manny Ramirez;Tampa Bay Rays;Designated Hitter;2020000
Marc Rzepczynski;Toronto Blue Jays;Pitcher;429600
Marco Scutaro;Boston Red Sox;Shortstop;5500000
Marcos Mateo;Chicago Cubs;Pitcher;417000
Marcus Thames;Los Angeles Dodgers;Outfielder;1000000
Mariano Rivera;New York Yankees;Pitcher;14911700
Mark Buehrle;Chicago White Sox;Pitcher;14000000
Mark De Rosa;San Francisco Giants;Third Baseman;6000000
Mark Ellis;Oakland Athletics;Second Baseman;6000000
Mark Kotsay;Milwaukee Brewers;Outfielder;800000
Mark Lowe;Texas Rangers;Pitcher;1200000
Mark Melancon;Houston Astros;Pitcher;421000
Mark Reynolds;Baltimore Orioles;Third Baseman;5333333
Mark Teahen;Chicago White Sox;Third Baseman;4750000
Mark Teixeira;New York Yankees;First Baseman;23125000
Mark Trumbo;Los Angeles Angels;First Baseman;414000
Marlon Byrd;Chicago Cubs;Outfielder;5500000
Martin Prado;Atlanta Braves;Second Baseman;3100000
Mason Tobin;Texas Rangers;Pitcher;414000
Mat Latos;San Diego Padres;Pitcher;460700
Matt Albers;Boston Red Sox;Pitcher;875000
Matt Belisle;Colorado Rockies;Pitcher;2350000
Matt Cain;San Francisco Giants;Pitcher;7333333
Matt Capps;Minnesota Twins;Pitcher;7150000
Matt Diaz;Pittsburgh Pirates;Outfielder;2125000
Matt Downs;Houston Astros;Second Baseman;421000
Matt E. Young;Atlanta Braves;Second Baseman;414000
Matt Garza;Chicago Cubs;Pitcher;5950000
Matt Guerrier;Los Angeles Dodgers;Pitcher;2461499
Matt Harrison;Texas Rangers;Pitcher;428830
Matt Holliday;St. Louis Cardinals;Outfielder;16317774
Matt Joyce;Tampa Bay Rays;Outfielder;426500
Matt Kemp;Los Angeles Dodgers;Outfielder;7100000
Matt LaPorta;Cleveland Indians;First Baseman;431400
Matt Lindstrom;Colorado Rockies;Pitcher;2800000
Matt Maloney;Cincinnati Reds;Pitcher;415000
Matt Mangini;Seattle Mariners;Third Baseman;414500
Matt Reynolds;Colorado Rockies;Pitcher;415000
Matt Stairs;Washington Nationals;Outfielder;850000
Matt Thornton;Chicago White Sox;Pitcher;3000000
Matt Tolbert;Minnesota Twins;Second Baseman;425000
Matt Treanor;Kansas City Royals;Catcher;850000
Matt Wieters;Baltimore Orioles;Catcher;452250
Mauricio Robles;Seattle Mariners;Pitcher;414000
Max Scherzer;Detroit Tigers;Pitcher;600000
Melky Cabrera;Kansas City Royals;Outfielder;1250000
Melvin Mora;Arizona Diamondbacks;Third Baseman;2350000
Michael Bourn;Houston Astros;Outfielder;4400000
Michael Brantley;Cleveland Indians;Outfielder;421800
Michael Cuddyer;Minnesota Twins;Outfielder;10500000
Michael Dunn;Miami Marlins;Pitcher;414000
Michael Kohn;Los Angeles Angels;Pitcher;414000
Michael Martinez;Philadelphia Phillies;Second Baseman;414000
Michael Pineda;Seattle Mariners;Pitcher;414000
Michael Saunders;Seattle Mariners;Outfielder;420000
Michael Wuertz;Oakland Athletics;Pitcher;2800000
Michael Young;Texas Rangers;Infielder;16174974
Miguel Batista;St. Louis Cardinals;Pitcher;750000
Miguel Cabrera;Detroit Tigers;First Baseman;20000000
Miguel Cairo;Cincinnati Reds;Second Baseman;1000000
Miguel Montero;Arizona Diamondbacks;Catcher;3200000
Miguel Olivo;Seattle Mariners;Catcher;2500000
Miguel Tejada;San Francisco Giants;Third Baseman;6500000
Mike Adams;San Diego Padres;Pitcher;2535000
Mike Aviles;Kansas City Royals;Third Baseman;640000
Mike Baxter;San Diego Padres;Outfielder;414000
Mike Cameron;Boston Red Sox;Outfielder;7750000
Mike Crotta;Pittsburgh Pirates;Pitcher;414000
Mike Fontenot;San Francisco Giants;Second Baseman;1050000
Mike Gonzalez;Baltimore Orioles;Pitcher;6000000
Mike Leake;Cincinnati Reds;Pitcher;425000
Mike MacDougal;Los Angeles Dodgers;Pitcher;500000
Mike McCoy;Toronto Blue Jays;Second Baseman;422300
Mike Morse;Washington Nationals;Outfielder;1050000
Mike Napoli;Texas Rangers;Catcher;5800000
Mike Nickeas;New York Mets;Catcher;414000
Mike Pelfrey;New York Mets;Pitcher;3925000
Mike Stanton;Miami Marlins;Outfielder;416000
Milton Bradley;Seattle Mariners;Outfielder;13000000
Mitch Maier;Kansas City Royals;Outfielder;459000
Mitch Moreland;Texas Rangers;First Baseman;426000
Mitch Stetter;Milwaukee Brewers;Pitcher;427000
Mitch Talbot;Cleveland Indians;Pitcher;431700
Mitchell Boggs;St. Louis Cardinals;Pitcher;431000
Nate Adcock;Kansas City Royals;Pitcher;414000
Nate McLouth;Atlanta Braves;Outfielder;7000000
Nate Schierholtz;San Francisco Giants;Outfielder;432500
Neftali Feliz;Texas Rangers;Pitcher;457160
Neil Walker;Pittsburgh Pirates;Second Baseman;437000
Nelson Cruz;Texas Rangers;Outfielder;3650000
Nelson Figueroa;Houston Astros;Pitcher;900000
Nick Blackburn;Minnesota Twins;Pitcher;3000000
Nick Hundley;San Diego Padres;Catcher;439900
Nick Markakis;Baltimore Orioles;Outfielder;10600000
Nick Masset;Cincinnati Reds;Pitcher;1725000
Nick Punto;St. Louis Cardinals;Third Baseman;750000
Nick Swisher;New York Yankees;Outfielder;9100000
Nyjer Morgan;Milwaukee Brewers;Outfielder;471500
Octavio Dotel;Toronto Blue Jays;Pitcher;3000000
Omar Beltre;Texas Rangers;Pitcher;415000
Omar Infante;Miami Marlins;Second Baseman;2500000
Omar Vizquel;Chicago White Sox;Third Baseman;1750000
Orlando Cabrera;Cleveland Indians;Second Baseman;1000000
Orlando Hudson;San Diego Padres;Second Baseman;4000000
Pablo Sandoval;San Francisco Giants;Third Baseman;500000
Pat Burrell;San Francisco Giants;Outfielder;1000000
Pat Neshek;San Diego Padres;Pitcher;625000
Paul Janish;Cincinnati Reds;Shortstop;437500
Paul Konerko;Chicago White Sox;First Baseman;12000000
Paul Maholm;Pittsburgh Pirates;Pitcher;6250000
Pedro Alvarez;Pittsburgh Pirates;Third Baseman;2050000
Pedro Beato;New York Mets;Pitcher;414000
Pedro Feliciano;New York Yankees;Pitcher;3750000
Pedro Strop;Texas Rangers;Outfielder;416000
Pete Orr;Philadelphia Phillies;Second Baseman;600000
Peter Bourjos;Los Angeles Angels;Outfielder;414000
Peter Moylan;Atlanta Braves;Pitcher;2000000
Phil Coke;Detroit Tigers;Pitcher;440000
Phil Hughes;New York Yankees;Pitcher;2700000
Philip Humber;Chicago White Sox;Pitcher;500000
Placido Polanco;Philadelphia Phillies;Third Baseman;5416666
Prince Fielder;Milwaukee Brewers;First Baseman;15500000
R.A. Dickey;New York Mets;Pitcher;2750000
Rafael Betancourt;Colorado Rockies;Pitcher;3775000
Rafael Furcal;Los Angeles Dodgers;Shortstop;13000000
Rafael Perez;Cleveland Indians;Pitcher;1330000
Rafael Soriano;New York Yankees;Pitcher;10000000
Rajai Davis;Toronto Blue Jays;Outfielder;2500000
Ramon Castro;Chicago White Sox;Catcher;1200000
Ramon Hernandez;Cincinnati Reds;Catcher;2947318
Ramon Pena;Chicago White Sox;Pitcher;1600000
Ramon S. Ramirez;San Francisco Giants;Pitcher;1650000
Ramon Santiago;Detroit Tigers;Shortstop;1350000
Randy Choate;Miami Marlins;Pitcher;1000000
Randy Wells;Chicago Cubs;Pitcher;475000
Randy Wolf;Milwaukee Brewers;Pitcher;9500000
Raul Ibanez;Philadelphia Phillies;Outfielder;12166666
Reed Johnson;Chicago Cubs;Outfielder;900000
Reegie Corona;New York Yankees;Second Baseman;414000
Reggie Willits;Los Angeles Angels;Outfielder;775000
Reid Brignac;Tampa Bay Rays;Shortstop;425400
Rich Harden;Oakland Athletics;Pitcher;1500000
Rich Thompson;Los Angeles Angels;Pitcher;418000
Rick Ankiel;Washington Nationals;Outfielder;1500000
Rick Porcello;Detroit Tigers;Pitcher;1536000
Rickie Weeks;Milwaukee Brewers;Second Baseman;4500000
Ricky Nolasco;Miami Marlins;Pitcher;6000000
Ricky Romero;Toronto Blue Jays;Pitcher;1000000
Rob J. Johnson;San Diego Padres;Catcher;421700
Robert Andino;Baltimore Orioles;Infielder;421500
Robert Parnell;New York Mets;Pitcher;433500
Robinson Cano;New York Yankees;Second Baseman;10000000
Robinson Tejeda;Kansas City Royals;Pitcher;1550000
Rod Barajas;Los Angeles Dodgers;Catcher;3250000
Ronny Cedeno;Pittsburgh Pirates;Shortstop;1850000
Ross Gload;Philadelphia Phillies;First Baseman;1600000
Ross Ohlendorf;Pittsburgh Pirates;Pitcher;2025000
Roy Halladay;Philadelphia Phillies;Pitcher;20000000
Roy Oswalt;Philadelphia Phillies;Pitcher;16000000
Russell Branyan;Arizona Diamondbacks;First Baseman;1000000
Russell Martin;New York Yankees;Catcher;4000000
Ryan Braun;Milwaukee Brewers;Outfielder;4287500
Ryan Dempster;Chicago Cubs;Pitcher;13500000
Ryan Doumit;Pittsburgh Pirates;Catcher;5200000
Ryan Franklin;St. Louis Cardinals;Pitcher;3250000
Ryan Hanigan;Cincinnati Reds;Catcher;550000
Ryan Howard;Philadelphia Phillies;First Baseman;20000000
Ryan Langerhans;Seattle Mariners;Outfielder;525000
Ryan Ludwick;San Diego Padres;Outfielder;6775000
Ryan Madson;Philadelphia Phillies;Pitcher;4833333
Ryan Perry;Detroit Tigers;Pitcher;430000
Ryan Raburn;Detroit Tigers;Outfielder;1300000
Ryan Roberts;Arizona Diamondbacks;Second Baseman;423500
Ryan Rowland-Smith;Houston Astros;Pitcher;725000
Ryan Spilborghs;Colorado Rockies;Outfielder;1950000
Ryan Sweeney;Oakland Athletics;Outfielder;1400000
Ryan Theriot;St. Louis Cardinals;Shortstop;3300000
Ryan Webb;Miami Marlins;Pitcher;414000
Ryan Zimmerman;Washington Nationals;Third Baseman;9025000
Sam Fuld;Tampa Bay Rays;Outfielder;418300
Sam Lecure;Cincinnati Reds;Pitcher;414000
Samuel Deduno;San Diego Padres;Pitcher;414240
Samuel Demel;Arizona Diamondbacks;Pitcher;417000
Santiago Casilla;San Francisco Giants;Pitcher;1300000
Scott Baker;Minnesota Twins;Pitcher;5000000
Scott Cousins;Miami Marlins;Outfielder;414000
Scott Downs;Los Angeles Angels;Pitcher;5000000
Scott Feldman;Texas Rangers;Pitcher;4400000
Scott Hairston;New York Mets;Outfielder;1100000
Scott Kazmir;Los Angeles Angels;Pitcher;12000000
Scott Linebrink;Atlanta Braves;Pitcher;5500000
Scott Olsen;Pittsburgh Pirates;Pitcher;450000
Scott Rolen;Cincinnati Reds;Third Baseman;8166666
Sean Burnett;Washington Nationals;Pitcher;1350000
Sean Green;Milwaukee Brewers;Pitcher;875000
Sean J. Rodriguez;Tampa Bay Rays;Infielder;428600
Sean Marshall;Chicago Cubs;Pitcher;1600000
Sean O`Sullivan;Kansas City Royals;Pitcher;420500
Sergio Mitre;Milwaukee Brewers;Pitcher;900000
Sergio Romo;San Francisco Giants;Pitcher;450000
Sergio Santos;Chicago White Sox;Pitcher;435000
Seth Smith;Colorado Rockies;Outfielder;429000
Shane Victorino;Philadelphia Phillies;Outfielder;7500000
Shaun Marcum;Milwaukee Brewers;Pitcher;3950000
Shawn Camp;Toronto Blue Jays;Pitcher;2250000
Shawn Kelley;Seattle Mariners;Pitcher;420000
Shelley Duncan;Cleveland Indians;Outfielder;500000
Shin-Soo Choo;Cleveland Indians;Outfielder;3975000
Skip Schumaker;St. Louis Cardinals;Second Baseman;2750000
Starlin Castro;Chicago Cubs;Shortstop;440000
Stephen Drew;Arizona Diamondbacks;Shortstop;4650000
Stephen Strasburg;Washington Nationals;Pitcher;4375000
Steve Pearce;Pittsburgh Pirates;First Baseman;427500
Takashi Saito;Milwaukee Brewers;Pitcher;1750000
Taylor Buchholz;New York Mets;Pitcher;600000
Ted Lilly;Los Angeles Dodgers;Pitcher;8166666
Tim Byrdak;New York Mets;Pitcher;900000
Tim Collins;Kansas City Royals;Pitcher;414000
Tim Hudson;Atlanta Braves;Pitcher;9000000
Tim Lincecum;San Francisco Giants;Pitcher;14000000
Tim Stauffer;San Diego Padres;Pitcher;1075000
Tim Wakefield;Boston Red Sox;Pitcher;2000000
Todd Coffey;Washington Nationals;Pitcher;1350000
Todd Helton;Colorado Rockies;First Baseman;20275000
Tom Gorzelanny;Washington Nationals;Pitcher;2100000
Tom Wilhelmsen;Seattle Mariners;Pitcher;414000
Tommy Hanson;Atlanta Braves;Pitcher;456500
Tommy Hunter;Texas Rangers;Pitcher;442160
Tony Gwynn Jr.;Los Angeles Dodgers;Outfielder;675000
Tony Sipp;Cleveland Indians;Pitcher;436800
Torii Hunter;Los Angeles Angels;Outfielder;18500000
Travis Buck;Cleveland Indians;Outfielder;625000
Travis Hafner;Cleveland Indians;Designated Hitter;13000000
Travis Snider;Toronto Blue Jays;Outfielder;435800
Travis Wood;Cincinnati Reds;Pitcher;422500
Trever Miller;St. Louis Cardinals;Pitcher;2000000
Trevor Cahill;Oakland Athletics;Pitcher;440000
Trevor Crowe;Cleveland Indians;Outfielder;435700
Troy Tulowitzki;Colorado Rockies;Shortstop;5500000
Tsuyoshi Nishioka;Minnesota Twins;Second Baseman;3000000
Ty Wigginton;Colorado Rockies;Third Baseman;3500000
Tyler Clippard;Washington Nationals;Pitcher;443000
Tyler Colvin;Chicago Cubs;Outfielder;440000
Tyler Greene;St. Louis Cardinals;Shortstop;415500
Ubaldo Jimenez;Colorado Rockies;Pitcher;2800000
Vernon Wells;Los Angeles Angels;Outfielder;26187500
Vicente Padilla;Los Angeles Dodgers;Pitcher;2000000
Victor Martinez;Detroit Tigers;Catcher;12000000
Vinnie Pestano;Cleveland Indians;Pitcher;414000
Vladimir Guerrero;Baltimore Orioles;Designated Hitter;7611455
Wade Davis;Tampa Bay Rays;Pitcher;434100
Wandy Rodriguez;Houston Astros;Pitcher;7500000
Wes Helms;Miami Marlins;Third Baseman;1000000
Wil Nieves;Milwaukee Brewers;Catcher;775000
Will Ohman;Chicago White Sox;Pitcher;1500000
Will Rhymes;Detroit Tigers;Second Baseman;419000
Will Venable;San Diego Padres;Outfielder;444400
Willie Bloomquist;Arizona Diamondbacks;Outfielder;900000
Willie Harris;New York Mets;Outfielder;800000
Wilson Betemit;Kansas City Royals;Third Baseman;1000000
Wilson Ramos;Washington Nationals;Catcher;415000
Wilson Valdez;Philadelphia Phillies;Shortstop;560000
Wilton Lopez;Houston Astros;Pitcher;442000
Xavier Nady;Arizona Diamondbacks;Outfielder;1750000
Xavier Paul;Los Angeles Dodgers;Outfielder;419500
Yadier Molina;St. Louis Cardinals;Catcher;5312500
Yorvit Torrealba;Texas Rangers;Catcher;3000000
Yovani Gallardo;Milwaukee Brewers;Pitcher;3500000
Yunel Escobar;Toronto Blue Jays;Shortstop;2900000
Yuniesky Betancourt-Perez;Milwaukee Brewers;Shortstop;4300000
Zach Braddock;Milwaukee Brewers;Pitcher;424000
Zach Duke;Arizona Diamondbacks;Pitcher;3500000
Zack Greinke;Milwaukee Brewers;Pitcher;13500000
